Word,Category,Similarity,Frequency
3탐사대,외계인,0.3190383315086365,1
가능,여행,0.6136982440948486,17
가상,우주,0.619330644607544,2
가설,괴담,0.5180280804634094,1
가슴,사랑,0.5312170386314392,2
가족,가족,1,5
가짜,괴담,0.5858274698257446,1
가차,추격,0.47111672163009644,1
가치,미래,0.6071180105209351,2
가혹,범죄,0.6618030071258545,1
각색,만화,0.48631539940834045,4
각자,가족,0.4706314206123352,1
각종,의료,0.5523958802223206,1
간과,질병,0.4296972155570984,2
갈등,종교,0.6275198459625244,4
감각,심리,0.6267526745796204,1
감격,사랑,0.5601252913475037,1
감내,재난,0.43960049748420715,1
감독,액션,0.5503564476966858,17
감동,사랑,0.5948944091796875,3
감명,사랑,0.4650433361530304,2
감사,사랑,0.5332671999931335,3
감상,음악,0.6411212086677551,7
감수,만화,0.43370476365089417,1
감자,요리,0.5136394500732422,25
감정,심리,0.7588332891464233,4
감지,재난,0.5034633874893188,4
감탄,유쾌,0.47334393858909607,3
갑판,해양,0.5313107967376709,1
값어치,사랑,0.3218253254890442,1
강도,고문,0.5438424944877625,1
강력,범죄,0.5477433800697327,5
강정,바다,0.5508278608322144,1
강조,질서,0.46540236473083496,2
개발,기술,0.7480550408363342,3
개방,교육,0.5870132446289062,2
개봉,공포,0.5620651841163635,11
개시,방송,0.6561063528060913,1
개연,종교,0.43965548276901245,2
개인,가족,0.6177566647529602,11
개조,기술,0.4797073304653168,6
개척,탐험,0.6222059726715088,1
개편,방송,0.526836633682251,2
갱신,연애,0.48055940866470337,1
갱지,정글,0.4956258535385132,1
거대,괴물,0.5640032887458801,12
거래,도박,0.6013003587722778,1
거름,꿈,0.540709376335144,1
거리,도시,0.60332190990448,4
거리감,대화,0.44032612442970276,1
거북이,외계인,0.3679584562778473,2
거장,미술,0.5483318567276001,3
건강,의료,0.661241352558136,3
건설,도시,0.6078121066093445,1
검사,심리,0.583127498626709,1
검진,의료,0.6634270548820496,1
결과,전투,0.4589586555957794,5
결국,절망,0.3924093246459961,12
결근,질병,0.47480762004852295,1
결론,역사,0.5524718761444092,5
결말,심리,0.5606977343559265,9
결선,요리,0.5397137999534607,1
결정,심리,0.4773334860801697,4
결함,살인,0.49530601501464844,1
결합,기술,0.544497549533844,2
결혼,연애,0.6863196492195129,2
경고,희망,0.5112279057502747,1
경력,철학,0.5077162384986877,3
경로,교통,0.49497178196907043,1
경우,여행,0.415454238653183,3
경쟁,환경,0.6371848583221436,1
경치,바다,0.5897611975669861,1
경향,정치,0.5916027426719666,1
경험,기술,0.584987461566925,2
경황,정치,0.38293322920799255,1
계기,희망,0.4762476980686188,2
계산,기술,0.49284249544143677,3
계속,성장,0.3261684477329254,1
계약,연애,0.5083149671554565,1
계획,여행,0.6060113906860352,11
고군분투,절망,0.38292163610458374,3
고난,절망,0.6110848188400269,2
고독,절망,0.7477942109107971,1
고려,신화,0.49598464369773865,1
고립,절망,0.6044477224349976,3
고민,희망,0.5681551694869995,2
고심,미래,0.43794751167297363,1
고요,바다,0.5334782004356384,1
고통,절망,0.7038089632987976,1
고향,시골,0.6128569841384888,1
골반,요리,0.45508548617362976,1
골치,질병,0.44735708832740784,1
공간,환경,0.631403923034668,8
공감,사랑,0.5958077311515808,1
공구,전기,0.5716409683227539,1
공기,전기,0.6337827444076538,4
공대,학교,0.6128844022750854,1
공부,교육,0.6627280712127686,3
공상,우주,0.6748765707015991,1
공유,기술,0.5960694551467896,4
공중분해,좀비,0.34870249032974243,1
공포,공포,1,4
공학,과학,0.7757261991500854,3
공학도,과학,0.4652882516384125,1
공학자,과학,0.521384060382843,2
과거,역사,0.5134707689285278,4
과유불급,음모론,0.39342084527015686,1
과장,유쾌,0.47246596217155457,1
과정,교육,0.6268183588981628,17
과학,과학,1,15
과학자,과학,0.5320860147476196,1
관객,좀비,0.4852140545845032,5
관계,대화,0.6286489367485046,4
관계자,고문,0.450582355260849,1
관람,여행,0.5587009191513062,7
관련,기술,0.6359721422195435,5
관리자,환경,0.3534628450870514,28
관심,희망,0.5266339182853699,3
관전,정치,0.5587530136108398,1
광경,바다,0.5479692220687866,3
광고,방송,0.6559303998947144,1
굉음,절망,0.5760860443115234,1
교감,대화,0.5680186152458191,1
교관,고문,0.5465474128723145,2
교신,대화,0.565916121006012,18
교육,교육,1,1
교훈,희망,0.596325695514679,1
구매,여행,0.5682201981544495,1
구멍,꿈,0.5133938193321228,2
구색,인형,0.44511228799819946,1
구성,여행,0.5082530975341797,3
구원,절망,0.6160508990287781,1
구원자,신화,0.4646400511264801,1
구조,환경,0.6101574897766113,11
구조대,스릴러,0.44041281938552856,1
구조물,해양,0.4019351303577423,1
구체,기술,0.5149694085121155,4
구출,수색,0.633823573589325,8
국가,경제,0.7089344263076782,13
국내,방송,0.6121893525123596,2
국제,경제,0.6613011360168457,2
군대,군대,1,1
궤도,우주,0.5667131543159485,5
귀환,추격,0.550417423248291,4
그때,군대,0.461805135011673,4
그리스도,종교,0.42290565371513367,1
그림,만화,0.5906399488449097,2
그중,해적,0.3030969500541687,1
극단,미술,0.5709163546562195,1
극복,성장,0.5527980923652649,2
극본,요리,0.511599600315094,1
극장,유령,0.5921965837478638,1
극지방,해양,0.5954555869102478,3
극한,환경,0.5493168830871582,2
근무,군대,0.5409892797470093,1
근방,도시,0.5465551018714905,1
근성,개그,0.5910184979438782,1
근원,성장,0.5283575057983398,2
글쿠,액션,1,1
금액,여행,0.4754892587661743,1
긍정,희망,0.608379602432251,3
기간,전쟁,0.6073651909828186,9
기계,전기,0.6900599598884583,3
기기,전기,0.6136850118637085,1
기능,환경,0.6612703800201416,2
기대,성장,0.597224771976471,5
기도,사랑,0.5759872198104858,1
기동,전투,0.6437990665435791,1
기록,역사,0.5856012105941772,1
기반,기술,0.6984631419181824,3
기본,질서,0.5207680463790894,3
기분,유쾌,0.6678951382637024,2
기사,만화,0.529909074306488,5
기상천외,미스터리,0.5333998799324036,1
기술,기술,1,6
기억,사랑,0.6537694931030273,9
기억력,인간성,0.47864067554473877,1
기업,기술,0.6665405631065369,1
기운,마법,0.5211406350135803,1
기원,역사,0.6525929570198059,1
기저,환경,0.4921817183494568,1
기적,꿈,0.5804986953735352,2
기제,질서,0.5627545714378357,1
기지,우주,0.6259193420410156,8
기체,우주,0.6412365436553955,1
기회,희망,0.640706479549408,1
긴장,대화,0.5575699210166931,2
긴장감,공포,0.4280332624912262,1
깨달음,인간성,0.38308846950531006,1
끝판왕,괴물,0.3752988278865814,2
나노,과학,0.6308717727661133,1
나라,도시,0.6080574989318848,4
나무,꿈,0.5835348963737488,2
나사,우주,0.5512464642524719,4
나이트,판타지,0.4928652346134186,1
나중,절망,0.43852776288986206,4
낙관주의,인간성,0.5149461030960083,4
낙심,절망,0.580329179763794,1
낙천,요리,0.6048291325569153,1
난관,절망,0.5443821549415588,1
난리,괴담,0.45107173919677734,4
난민,의료,0.6097128391265869,1
날씨,환경,0.6094790697097778,1
날치기,살인,0.48195192217826843,1
남자,무술,0.5507482290267944,4
남편,가족,0.6233720779418945,6
납득,유쾌,0.44535672664642334,1
낭비,도박,0.4805629551410675,2
내부,환경,0.5364341735839844,7
내신,교육,0.427926242351532,1
내용,역사,0.6182358264923096,31
내일,미래,0.4841233491897583,1
내장,액션,0.5240089893341064,1
네트워크,소셜미디어,0.5334014296531677,2
넷플릭를,사회문제,0.46373650431632996,1
노력,성장,0.5811283588409424,15
노웨어,정글,0.5037135481834412,3
노인,가족,0.6170642375946045,1
노출,환경,0.47467267513275146,1
논란,역사,0.5558264255523682,2
논리,철학,0.5892475247383118,1
논의,역사,0.538981556892395,1
논쟁,역사,0.6206903457641602,1
농담,개그,0.6088651418685913,6
농사,농업,0.6897985339164734,5
농작물,농업,0.5411284565925598,2
농장,농업,0.6616603136062622,1
누리,재난,0.4233587682247162,2
누리호,외계인,0.3929697275161743,1
눈물,절망,0.6079393625259399,1
눈앞,희망,0.48743936419487,2
뉴스,방송,0.70646071434021,2
느낌,유쾌,0.5749567747116089,5
느아닛,드라마,0.30455097556114197,1
능가,기술,0.3263492286205292,1
능력,기술,0.6709659099578857,3
니스,도시,0.5737894177436829,1
니파,정글,0.5756210088729858,1
다량,기술,0.36393308639526367,1
다양,환경,0.5064423084259033,2
다음,요리,0.4495347738265991,6
다이어리,드라마,0.4819609820842743,1
다짐,사랑,0.5531855225563049,1
다큐,다큐멘터리,0.6907773613929749,1
단기,경제,0.5735433101654053,1
단련,무술,0.5965431928634644,1
단순,교통,0.4778863489627838,1
단신,방송,0.4876542091369629,1
단어,신화,0.5887689590454102,3
단위,가족,0.5225790143013,1
단절,대화,0.5674541592597961,1
단조,전기,0.49872878193855286,2
단축,전투,0.48136305809020996,1
단편,만화,0.737099826335907,1
달력,요리,0.5380451679229736,1
담당자,교육,0.3521762788295746,1
답방,대화,0.38898879289627075,1
당사자,가족,0.38527414202690125,1
당연,유쾌,0.4468538761138916,1
당장,미래,0.4101281762123108,2
대기,환경,0.5563451051712036,3
대대적,전쟁,0.38643044233322144,2
대도,괴담,0.3995029926300049,1
대립각,대화,0.45843803882598877,1
대면,대화,0.5094128847122192,1
대비,환경,0.5012235045433044,1
대사,고문,0.5607980489730835,3
대상,교육,0.5779964327812195,2
대신,질서,0.37450018525123596,5
대원,해적,0.47445446252822876,9
대작,전쟁,0.5849781632423401,1
대장,군대,0.513645350933075,7
대책,재난,0.5927299857139587,1
대체,미래,0.5125869512557983,1
대표,요리,0.5193673968315125,2
대표작,뮤지컬,0.49551284313201904,1
대학원,학교,0.5080148577690125,1
대화,대화,1,4
댓글,좀비,0.49297332763671875,1
덕분,성장,0.5627981424331665,7
덩이,도둑,0.43591561913490295,1
데뷰,만화,0.5442882776260376,1
데이터,기술,0.5154682993888855,1
도서관,학교,0.5833439230918884,1
도움,마법,0.500992476940155,9
도입,기술,0.5234298706054688,1
도전,희망,0.624786913394928,3
도중,전투,0.5389554500579834,7
도착,여행,0.6466491222381592,15
도킹,우주,0.5789763927459717,1
도피,감옥,0.5658938884735107,2
독립,전쟁,0.6241540312767029,2
독백,사랑,0.6004816889762878,3
독서,철학,0.7120826244354248,2
독자,만화,0.556780219078064,1
독특,춤,0.5334261655807495,4
돌발,재난,0.5403636693954468,1
돌입,추격,0.5638843774795532,1
동력,전기,0.6626849174499512,1
동료,가족,0.5583727955818176,22
동료애,사랑,0.5587314367294312,1
동명,만화,0.629656195640564,1
동물,인형,0.6598571538925171,1
동석,가족,0.5725396871566772,1
동안,전쟁,0.44433072209358215,9
동원,범죄,0.48247992992401123,2
되요,여행,0.3636041283607483,1
두려움,절망,0.5454427003860474,1
두절,방송,0.5696694850921631,1
듀얼,액션,0.6086241006851196,2
드라마,드라마,1,6
드릴,여행,0.4113073945045471,1
등극,멸망,0.5421124696731567,2
등급,여행,0.5152238011360168,2
등장,성장,0.5342771410942078,8
등장인물,외계인,0.4759107232093811,1
디스코,복고,0.48871007561683655,2
디자인,기술,0.48493096232414246,1
디젤,전기,0.6110228896141052,1
디즈니,코미디,0.5117638111114502,4
디테일,타임루프,0.4057227671146393,4
디트,좀비,0.47467324137687683,1
뚜껑,인형,0.5083218812942505,1
라떼,복고,0.5170372128486633,1
라이브,코미디,0.47477203607559204,2
라이프,판타지,0.5347487926483154,1
라인업,뮤지컬,0.4071054458618164,1
라티,인형,0.4747622311115265,1
러닝,철학,0.5834755301475525,3
런닝,액션,0.595459520816803,1
로봇,괴물,0.6556574702262878,2
로켓,우주,0.6648953557014465,4
루즈,액션,0.5611603856086731,1
리부팅,멸망,0.38446223735809326,1
리뷰,요리,0.5199467539787292,32
리셋,절망,0.5459359884262085,2
링크,역사,0.5203303694725037,1
마력,마법,0.671467125415802,1
마모,전기,0.5200794339179993,1
마법,마법,1,1
마을,시골,0.7413575053215027,1
마음,사랑,0.6113663911819458,15
마지막,전투,0.42455509305000305,9
마찬가지,언더독,0.32366201281547546,1
마크,좀비,0.5082376599311829,25
막강,무술,0.4508681893348694,1
만남,대화,0.6352308988571167,1
만삭,가족,0.4714083671569824,1
만신창이,부도덕,0.4997393488883972,1
만약,멸망,0.3126949071884155,1
만원,도둑,0.44302675127983093,1
만장일치,언더독,0.3684181869029999,1
만족,유쾌,0.5219327807426453,4
만화,만화,1,1
말미,방송,0.5995566844940186,1
말버릇,연애,0.4378093183040619,1
맛집,요리,0.6931256055831909,2
망망대해,바다,0.6489139199256897,2
망상,연애,0.6122661828994751,1
매니아,판타지,0.5267682075500488,1
매력,유쾌,0.5632496476173401,4
매칭,연애,0.5104450583457947,2
맥락,질서,0.601793110370636,1
머니,액션,0.5654444098472595,1
머리,인형,0.5610842704772949,2
머릿속,절망,0.38253098726272583,2
먹거리,미래,0.4025627374649048,1
먼지,전기,0.5306687355041504,2
메리,좀비,0.5343007445335388,1
메모,대화,0.5669617652893066,1
메시지,대화,0.5048822164535522,2
메이드,판타지,0.4714106619358063,1
메타포,철학,0.5080273747444153,1
멘탈,심리,0.5286067724227905,2
며칠,여행,0.4211500287055969,2
면허,법정,0.48970580101013184,1
멸망,멸망,1,2
명감독,언더독,0.47681814432144165,1
명대사,개그,0.48066627979278564,3
명랑,유쾌,0.7059454321861267,2
명령,군사,0.5395892262458801,2
명목,경제,0.5667999386787415,1
명분,질서,0.5174859762191772,2
명실상부,무술,0.40901869535446167,1
명예,철학,0.5218478441238403,2
명작,만화,0.6867616772651672,3
명장,요리,0.5248168706893921,1
모니터,드라마,0.43182578682899475,1
모두,가족,0.39107367396354675,4
모드,액션,0.6706643104553223,1
모래,바다,0.6612087488174438,7
모래바람,설원,0.44525960087776184,1
모래밭,바다,0.6071833968162537,1
모사,미술,0.5451173782348633,1
모습,꿈,0.5368646383285522,13
모험,모험,1,7
모험가,해적,0.5258219242095947,1
목격,살인,0.48965609073638916,1
목숨,절망,0.5953516960144043,2
목적,환경,0.5810715556144714,1
목적지,교통,0.48060116171836853,1
목차,역사,0.6509792804718018,1
몰입,심리,0.572018563747406,5
묘사,역사,0.5005254149436951,2
무기,군사,0.658953845500946,3
무대,음악,0.6398956179618835,1
무료,요리,0.6758750677108765,1
무리,정글,0.42133191227912903,1
무비나,드라마,0.3597876727581024,1
무사,좀비,0.5756719708442688,1
무심,유쾌,0.6086558699607849,1
무인도,정글,0.5329716801643372,2
문과,복수,0.5289665460586548,1
문구,만화,0.5350094437599182,2
문명,신화,0.6899991631507874,9
문양,신화,0.5605922937393188,1
문외한,철학,0.41064417362213135,1
문의,여행,0.47710663080215454,3
문자,대화,0.5297391414642334,1
문제,환경,0.6301520466804504,13
문체,철학,0.5439034104347229,2
문화,종교,0.7730738520622253,1
물건,인형,0.6116355657577515,3
물리,과학,0.7363146543502808,1
물자,군사,0.6253955364227295,1
물질,우주,0.6482014656066895,2
미국인,외계인,0.44697305560112,1
미니,만화,0.576575756072998,2
미래,미래,1,5
미세,해양,0.5212411880493164,1
미션,액션,0.6060617566108704,3
미소,유쾌,0.5666126608848572,2
미아,해적,0.5376569628715515,12
믿음,사랑,0.6751415729522705,1
밀도,유쾌,0.49130678176879883,1
밀착,방송,0.44720056653022766,1
밀항,범죄,0.5663750171661377,3
바가지,도둑,0.4415399432182312,1
바깥,바다,0.564016580581665,1
바다,바다,1,13
바닷물,바다,0.5779070854187012,1
바램,사랑,0.5962075591087341,1
바위,바다,0.5915767550468445,2
바탕,철학,0.6031259894371033,3
박수,절망,0.5304226875305176,1
박테리아,질병,0.42970895767211914,1
반대,희망,0.47839322686195374,3
반복,춤,0.47365546226501465,1
반열,인형,0.44908449053764343,1
반응,심리,0.548000693321228,2
반전,액션,0.5913684964179993,1
발간,여행,0.5288810729980469,1
발견,탐험,0.6210311651229858,14
발길,추격,0.5241652727127075,1
발버둥,절망,0.3809070587158203,1
발사,전투,0.5510220527648926,6
발상,철학,0.5057413578033447,1
발생,질병,0.5300424098968506,4
발전,성장,0.7311267852783203,5
발표,신화,0.4705798625946045,5
발휘,전투,0.44558268785476685,3
방구석,개그,0.5950741171836853,1
방면,서부,0.6179346442222595,1
방법,기술,0.5868040323257446,16
방식,기술,0.5785178542137146,4
방학,학교,0.627612829208374,2
방해,마법,0.5235662460327148,1
방향,미래,0.5546501278877258,2
배경,역사,0.6536779999732971,11
배고픔,절망,0.49255016446113586,1
배너,만화,0.5816201567649841,1
배신,범죄,0.5716097354888916,2
배우,액션,0.5536326766014099,10
배후,도시,0.49949973821640015,1
백인,시골,0.5466626286506653,2
뱃속,꿈,0.47670748829841614,4
버고,해양,0.49411651492118835,1
버라이어티,코미디,0.6652551889419556,1
번갯불,절망,0.49947670102119446,1
번역,여행,0.6670568585395813,2
번역기,요리,0.420703649520874,1
번역본,만화,0.35772693157196045,1
범인,살인,0.6550476551055908,1
베스트셀러,로맨스,0.49055489897727966,3
변경,여행,0.4873948395252228,1
변방,도시,0.5816757678985596,1
변수,환경,0.5601199269294739,1
변주,춤,0.4900638461112976,1
변화,성장,0.7235260605812073,1
별점,괴담,0.5106498599052429,1
보고,추격,0.3035684823989868,3
보급,교육,0.6157799959182739,3
보도,방송,0.6695681214332581,1
보드카,요리,0.4363780617713928,1
보안,기술,0.6591653227806091,2
보완,기술,0.5067487359046936,1
보장,질서,0.49541789293289185,1
보호,환경,0.6321627497673035,4
복구,재난,0.569567859172821,2
복귀,멸망,0.5184944272041321,2
복붙,음모론,0.44433411955833435,1
복제,기술,0.5416153073310852,2
복합,의료,0.577019214630127,1
본격,방송,0.4865100085735321,1
본부,학교,0.6340215802192688,1
본연,환경,0.47158342599868774,1
본인,가족,0.44855862855911255,7
본질,철학,0.6095022559165955,1
부각,성장,0.5576289892196655,2
부담,여행,0.44931522011756897,1
부대,군대,0.6763806939125061,2
부도,경제,0.5217757821083069,1
부모,가족,0.6875284910202026,1
부부,가족,0.7288463115692139,5
부분,역사,0.47238975763320923,30
부엉이,인형,0.475189208984375,1
부여,기술,0.40825536847114563,2
부정,범죄,0.612289309501648,1
부족,환경,0.5397021174430847,4
부탁,대화,0.511353611946106,4
부팅,액션,0.5977972745895386,2
부하,탐정,0.48984506726264954,1
부합,환경,0.5545921921730042,1
부활,멸망,0.5820942521095276,4
분량,요리,0.5013798475265503,2
분발,유쾌,0.5070768594741821,1
분석,기술,0.6062736511230469,10
분야,기술,0.7077919244766235,2
분위기,코미디,0.41975298523902893,1
분출,성장,0.5133897066116333,1
분투,모험,0.531109094619751,3
불굴,절망,0.5032404065132141,2
불만,유쾌,0.5133495330810547,1
불명,전투,0.48547250032424927,1
불바다,절망,0.43926310539245605,2
불신,절망,0.5839608311653137,1
불평,절망,0.5694528818130493,2
불행,절망,0.6734789609909058,1
브랜드,소셜미디어,0.4669686257839203,1
브로커,범죄,0.4233395755290985,1
블랙박스,드라마,0.45757392048835754,3
블로그,소셜미디어,0.6528367400169373,11
비관,절망,0.643720269203186,3
비교,역사,0.5778083801269531,4
비밀,유령,0.6097007393836975,2
비약,마법,0.5461600422859192,2
비용,의료,0.5746950507164001,2
비하인드,코미디,0.4849846363067627,1
비행,우주,0.6494387984275818,3
비행기,우주,0.4827173054218292,2
비행사,우주,0.6022586822509766,1
빈티지,복고,0.467307984828949,1
빈혈,질병,0.6702291965484619,1
사건,살인,0.7159186005592346,7
사고,교통,0.5542857050895691,24
사고방식,인간성,0.5352070927619934,1
사람,꿈,0.5610076785087585,48
사랑,사랑,1,2
사막,정글,0.6484219431877136,1
사망,질병,0.5938992500305176,2
사면초가,정치,0.3720339238643646,1
사살,추격,0.5559310913085938,1
사실,멸망,0.4039778411388397,14
사용,기술,0.5099859833717346,7
사원,학교,0.5237883925437927,1
사이,연애,0.5108592510223389,6
사이즈,인형,0.3466751277446747,3
사임,고문,0.4988361895084381,1
사전,교육,0.5635393261909485,3
사진,미술,0.5546669960021973,4
사태,전쟁,0.5786304473876953,1
사투,추격,0.57225102186203,2
사회,경제,0.8096231818199158,3
산물,역사,0.5307229161262512,1
산소,전기,0.5702613592147827,4
산아,공포,0.4087611138820648,1
산업,농업,0.7797547578811646,1
상경,교육,0.5067440271377563,1
상관,연애,0.3689222037792206,1
상기,멸망,0.42054829001426697,2
상대방,대화,0.33401426672935486,1
상상,모험,0.6140272617340088,4
상승,성장,0.6582366228103638,14
상영,방송,0.6350025534629822,4
상처,사랑,0.6111670136451721,1
상태,환경,0.49077296257019043,11
상품,여행,0.6432608962059021,2
상황,환경,0.6006510853767395,33
새싹,희망,0.6342167854309082,2
샌드위치,요리,0.39143237471580505,2
샘플,기술,0.5140121579170227,1
생각,사랑,0.5342774391174316,36
생략,유쾌,0.4064309895038605,7
생명,의료,0.6748191714286804,4
생명력,마법,0.43340444564819336,1
생명체,우주,0.5067837238311768,1
생물학자,해양,0.4408411979675293,1
생성,성장,0.5490458011627197,1
생존,성장,0.6098166704177856,52
생존자,수색,0.4752036929130554,1
생체,과학,0.6173260807991028,2
생활,환경,0.7009555697441101,3
생활력,성장,0.503101110458374,1
서로,대화,0.4089099168777466,4
서바이벌,서바이벌,1,2
서버,좀비,0.5942369103431702,12
서사,신화,0.6202012896537781,3
서식,환경,0.5578306913375854,1
서재,유령,0.5542951822280884,6
서점,만화,0.6348190903663635,3
선명,유쾌,0.4883923828601837,1
선물,사랑,0.605575680732727,3
선사,신화,0.5377863645553589,1
선언,전쟁,0.5036991834640503,1
선택,희망,0.5827092528343201,4
선택지,희망,0.4842683672904968,2
선호,심리,0.5198841691017151,1
설득,대화,0.5834951996803284,1
설득력,음모론,0.3592241108417511,1
설명,기술,0.47269487380981445,9
설상가상,절망,0.3929484486579895,1
설정,환경,0.6031296253204346,8
설치,교육,0.5344357490539551,1
성격,연애,0.6202361583709717,2
성공,성장,0.6859850287437439,16
성능,환경,0.6136812567710876,1
성숙,성장,0.7282049059867859,1
성장,성장,1,3
성적,심리,0.5905296802520752,2
성찰,철학,0.6156240105628967,1
성품,철학,0.5461713671684265,1
성희롱,소셜미디어,0.4998612403869629,1
세계,경제,0.6071235537528992,8
세계관,판타지,0.5014950633049011,1
세기,도시,0.5388799905776978,2
세력,정치,0.6238356828689575,2
세상,우주,0.5837925672531128,7
세트,요리,0.6420860290527344,1
소개,역사,0.6211946606636047,4
소녀,인형,0.6630191802978516,1
소리,춤,0.5853849053382874,6
소비,경제,0.6587632894515991,1
소설,만화,0.8215566873550415,43
소설가,로맨스,0.45110687613487244,1
소스,요리,0.6037243604660034,1
소식,여행,0.5196086764335632,2
소요,여행,0.5447626113891602,1
소원,사랑,0.6399070620536804,1
소재,요리,0.6186076402664185,2
소통,대화,0.694833517074585,2
소화,질병,0.5379638075828552,1
속도,기술,0.5439919233322144,4
속도감,유쾌,0.37246736884117126,1
속사포,개그,0.4673941433429718,1
속편,만화,0.6397424340248108,1
손아귀,감옥,0.45915210247039795,1
솜씨,요리,0.5072451233863831,1
쇼우,인형,0.5694385170936584,1
수단,교통,0.6111705899238586,1
수도,여행,0.5399532914161682,1
수량,모험,0.4958779513835907,1
수리,기술,0.5429885387420654,2
수반,군사,0.5009155869483948,1
수분,환경,0.515074610710144,1
수상,여행,0.5579376220703125,1
수소,전기,0.7052748799324036,1
수습,전투,0.5125926733016968,2
수업,교육,0.711469292640686,1
수용,대화,0.5059115886688232,1
수위,괴담,0.48198509216308594,2
수익,경제,0.5458664298057556,2
수입,음악,0.498094379901886,1
수정,멸망,0.48824185132980347,1
수준,교육,0.5543796420097351,3
수집,기술,0.6112008690834045,1
수치,기술,0.48379820585250854,1
수포,고문,0.5387688279151917,1
수학,과학,0.7833073735237122,1
수행,성장,0.5646498799324036,2
수확물,농업,0.5087574124336243,1
순간,꿈,0.484687477350235,4
순서,요리,0.5724379420280457,2
순식간,추격,0.42976850271224976,2
순위,요리,0.5945038199424744,1
순조,요리,0.4883917570114136,2
숨바꼭질,서바이벌,0.5106756091117859,1
숫자,희망,0.5160548686981201,3
스릴,액션,0.6477225422859192,1
스릴러,스릴러,1,1
스마트폰,소셜미디어,0.6058219075202942,2
스위치,전기,0.3753913938999176,1
스코어,스포츠,0.46034932136535645,1
스크린,코미디,0.4787513017654419,1
스타,개그,0.5774576663970947,3
스타워즈,슈퍼히어로,0.5626529455184937,1
스탭,액션,0.5166298747062683,1
스토리,로맨스,0.6146283149719238,8
스토리텔링,다큐멘터리,0.508033275604248,1
스트레스,질병,0.45934754610061646,1
스틸,액션,0.5995299220085144,1
스파,요리,0.6825912594795227,2
스파이,드라마,0.5523907542228699,1
스페이스,판타지,0.4274052679538727,1
승무원,가족,0.3559606969356537,1
승선,여행,0.5196540355682373,1
승화,성장,0.5831721425056458,1
시각,심리,0.5983440279960632,1
시간,전투,0.5583391785621643,23
시간대,드라마,0.4739922881126404,1
시간표,교통,0.3543590009212494,1
시구,춤,0.598649263381958,1
시대,신화,0.5891863703727722,2
시도,복수,0.5242484211921692,10
시련,절망,0.6770740151405334,4
시리즈,만화,0.5106303691864014,7
시뮬레이션,기술,0.49260470271110535,1
시설,요리,0.7193536162376404,1
시속,추격,0.4535753130912781,1
시스템,기술,0.5496391654014587,2
시시각각,소셜미디어,0.38397741317749023,1
시연,기술,0.5414550304412842,2
시작,방송,0.5305045247077942,29
시작점,역사,0.32866188883781433,1
시절,전쟁,0.5055854916572571,3
시점,전투,0.5071889758110046,3
시종일관,유쾌,0.35358500480651855,3
시청,방송,0.6024045944213867,1
시체,살인,0.6126627326011658,1
시행,교육,0.511420726776123,3
시험,교육,0.6255394220352173,2
식량,농업,0.6478433012962341,17
식물,해양,0.6755447387695312,4
식물학,과학,0.5321282744407654,2
식물학자,해양,0.37987715005874634,8
식인,괴물,0.5691968202590942,1
신뢰,사랑,0.5432701110839844,1
신비,신화,0.6048763394355774,1
신세,도둑,0.559734046459198,1
신인상,로맨스,0.46283456683158875,1
신파,개그,0.5448369383811951,3
신파극,드라마,0.5713956952095032,1
신호,교통,0.6177377700805664,8
실감,유쾌,0.5339641571044922,1
실망,절망,0.5329175591468811,1
실생활,환경,0.47554680705070496,1
실속,경제,0.4934062361717224,1
실수,살인,0.52391117811203,1
실시간,소셜미디어,0.45803704857826233,2
실제,범죄,0.4530612528324127,1
실종,살인,0.5558342933654785,5
실패,희망,0.5548103451728821,2
실행,성장,0.5886148810386658,3
실험,과학,0.6881481409072876,2
실화,공포,0.6056075096130371,5
심리,심리,1,1
심상,기술,0.5527394413948059,1
심의,공포,0.5616070032119751,1
심장,질병,0.5229422450065613,1
싸움,전투,0.6696678996086121,1
썸머,액션,0.5582681894302368,1
쓰기,기술,0.44837725162506104,1
쓸모,사랑,0.45163679122924805,1
씨앗,꿈,0.6101443767547607,1
아기,인형,0.6936549544334412,3
아래,질서,0.45344576239585876,5
아무것,정신병,0.40449008345603943,4
아버지,외계인,0.4064018130302429,1
아이,가족,0.5953388214111328,8
아이디어,사회문제,0.43634673953056335,4
아카데미상,미스터리,0.5423964262008667,1
아티누스,인형,0.447956383228302,1
악셀,철학,0.41608473658561707,1
안간힘,절망,0.37085917592048645,1
안녕,사랑,0.6455961465835571,2
안달,유쾌,0.48432233929634094,1
안드로이드,좀비,0.518948495388031,5
안전,교통,0.6340251564979553,3
안정,경제,0.5918718576431274,2
안테나,방송,0.33668866753578186,4
암울,공포,0.46239662170410156,1
압권,유쾌,0.6055060029029846,1
압박감,공포,0.38619866967201233,2
압축,기술,0.5970011949539185,1
앞쪽,설원,0.3936275243759155,1
애정,사랑,0.719462513923645,1
애초,신화,0.41459497809410095,1
액션,액션,1,2
야생,정글,0.6213918924331665,1
약간,유쾌,0.3781404495239258,3
약속,사랑,0.6711522340774536,1
약점,해적,0.4913651645183563,2
양수,전기,0.4873134195804596,1
얘기,사랑,0.5188139081001282,3
어려움,질병,0.3986336290836334,4
억압,절망,0.594769299030304,1
억지,개그,0.5999908447265625,2
언급,멸망,0.43223369121551514,3
언니,연애,0.5821378827095032,2
언덕,도시,0.5672925114631653,1
언어,교육,0.6619911193847656,1
언저리,바다,0.35267940163612366,1
언행,종교,0.5634106993675232,1
얼굴,인형,0.5788893103599548,2
얼마,여행,0.41163623332977295,4
엄마,사랑,0.5908297300338745,3
업무,교통,0.6426385641098022,2
에너지,전기,0.4811784029006958,2
에러,재난,0.5437261462211609,1
에어,여행,0.5501142144203186,5
에피소드,드라마,0.5304465889930725,1
에필로그,타임루프,0.496715247631073,1
엔지니어링,기술,0.5552899241447449,1
여담,철학,0.471118301153183,2
여럿,만화,0.32026606798171997,2
여부,복수,0.5013561844825745,4
여분,우주,0.48176905512809753,1
여성,가족,0.5803231596946716,2
여우,도둑,0.6274263858795166,2
여정,모험,0.6222133636474609,3
여행,여행,1,5
역사,역사,1,1
역할,성장,0.6139625310897827,1
연결,대화,0.5558514595031738,5
연기,액션,0.5691395998001099,2
연기력,개그,0.47546929121017456,1
연락,여행,0.500676155090332,4
연료,전기,0.6565115451812744,2
연속,살인,0.4954599440097809,1
연습,전투,0.5603004097938538,3
연애,연애,1,1
연재,만화,0.6304001212120056,5
연재소설,만화,0.5190975666046143,1
연출,액션,0.5377380847930908,9
연필,미술,0.5691856741905212,3
열광,언더독,0.561103880405426,1
열람,여행,0.5793854594230652,1
열쇠,희망,0.5891710519790649,1
열연,추격,0.5307475924491882,1
열외,군대,0.5029804110527039,1
열차,교통,0.6419475078582764,1
열풍,복고,0.5646018981933594,1
열화,환경,0.45517802238464355,1
열흘,전투,0.4108599126338959,1
염두,질서,0.3766152858734131,1
염증,질병,0.6177191138267517,1
엽서,만화,0.5620483756065369,1
영상,방송,0.685501754283905,6
영웅,신화,0.649358868598938,2
영원,사랑,0.5662020444869995,1
영하,요리,0.43376782536506653,2
영향,환경,0.5656856894493103,3
영혼,절망,0.7146556377410889,1
영화,만화,0.7536719441413879,208
영화관,드라마,0.5831791758537292,3
예고편,드라마,0.5787103772163391,6
예기,철학,0.5347739458084106,2
예명,신화,0.44902709126472473,1
예문,요리,0.5933250188827515,1
예비,교육,0.5141519904136658,1
예상,여행,0.5278490781784058,1
예외,질병,0.47745078802108765,1
예전,학교,0.4322411119937897,3
예정,여행,0.5632466673851013,4
예정일,여행,0.41149669885635376,2
옛날,시골,0.5727385878562927,2
오늘,요리,0.47976550459861755,8
오랜만,유쾌,0.48312777280807495,2
오류,재난,0.5085884928703308,2
오션,정글,0.657868504524231,2
오이,요리,0.5428617596626282,1
오인,범죄,0.518657922744751,1
오차,범죄,0.4510129690170288,2
오프라인,소셜미디어,0.5697129368782043,1
옥수수,농업,0.3664356768131256,1
온라인,소셜미디어,0.6732903718948364,4
올해,서부,0.4651573598384857,1
와이파이,가족,0.3831234872341156,1
와중,전쟁,0.44209107756614685,2
와트니,우주,0.47273942828178406,8
와트니의,외계인,0.41171959042549133,2
와튼,과학,0.4530943036079407,1
왁스,정글,0.511672854423523,1
완독,만화,0.473499059677124,1
완성도,뮤지컬,0.37695765495300293,1
완숙,유쾌,0.4367794394493103,1
완전,유쾌,0.48665568232536316,1
왕복,여행,0.617037296295166,2
왕성,성장,0.5029503107070923,1
외계,우주,0.6573302745819092,9
외계인,외계인,1,7
외로움,정신병,0.5532346367835999,3
외모,연애,0.5137403607368469,1
외부,환경,0.6322792768478394,3
외톨이,슈퍼히어로,0.4982006251811981,1
외항선,해적,0.4201396703720093,1
요리,요리,1,1
요망,여행,0.4568217992782593,1
요소,환경,0.6560946106910706,4
욕설,개그,0.5437021851539612,1
욕지거리,부도덕,0.3563102185726166,1
용기,희망,0.6335269808769226,5
용어,기술,0.6356803178787231,2
우선,학교,0.3057402968406677,1
우스갯소리,괴담,0.3680224120616913,1
우여곡절,서바이벌,0.33784347772598267,3
우울,절망,0.6561009287834167,1
우정,사랑,0.7426117658615112,1
우주,우주,1,47
우주복,우주,0.5993006229400635,2
우주선,우주,0.6645932197570801,6
우주여행,우주,0.6314512491226196,1
욱여,액션,1,1
운명,사랑,0.6456183791160583,2
운전,교통,0.6394338011741638,3
울음소리,꿈,0.3845069408416748,1
움직임,춤,0.4165114760398865,2
웃대,만화,0.5062114000320435,1
웃음,개그,0.6434062123298645,1
원래,우주,0.34216997027397156,7
원리,철학,0.6431012749671936,2
원망,절망,0.6686849594116211,3
원맨쇼,언더독,0.5207043886184692,1
원서,학교,0.5220884680747986,3
원작,만화,0.7227425575256348,26
원작자,만화,0.4465177357196808,1
위기,경제,0.695256233215332,5
위로,바다,0.5024420619010925,1
위성,방송,0.6785032153129578,4
위인,신화,0.43435221910476685,2
위치,도시,0.572618842124939,2
위트,유쾌,0.49864545464515686,3
위험,질병,0.6777101159095764,8
위험물,범죄,0.36750248074531555,2
위협,범죄,0.6328701972961426,5
유기농,농업,0.3669269382953644,1
유머,개그,0.6961884498596191,6
유명,음악,0.6032528281211853,2
유언,사랑,0.5031909942626953,2
유우리,유쾌,0.42139336466789246,1
유인,우주,0.56610107421875,1
유지,질서,0.5132966041564941,1
유출,범죄,0.5237718820571899,1
유쾌,유쾌,1,1
육박,요리,0.42945176362991333,1
육아,교육,0.7042093276977539,1
육지,바다,0.6823078989982605,2
은폐,범죄,0.6886423230171204,2
음악,음악,1,4
응원,희망,0.590230405330658,4
의거,공포,0.35775986313819885,1
의견,대화,0.5332321524620056,1
의도,심리,0.5850136876106262,1
의뢰,수색,0.4671224355697632,1
의무,교육,0.54813551902771,1
의미,역사,0.5486010313034058,4
의심,살인,0.5161587595939636,1
의지,희망,0.5757216215133667,8
이동,여행,0.557085394859314,2
이때,멸망,0.3124059736728668,1
이력,역사,0.5268311500549316,1
이름,역사,0.5635754466056824,1
이마,만화,0.41857853531837463,1
이민,군대,0.5814303159713745,1
이번,해양,0.4821455478668213,7
이상,절망,0.39452221989631653,13
이성,심리,0.65585857629776,1
이야기,사랑,0.45956799387931824,33
이어폰,음악,0.3829914331436157,1
이온,전기,0.6550430059432983,1
이외,해양,0.4628535211086273,2
이용,여행,0.6222236752510071,3
이웃,가족,0.6304181218147278,1
이원,요리,0.5306876301765442,1
이유,희망,0.5048466920852661,4
이입,심리,0.5373796820640564,2
이전,전쟁,0.5624045729637146,1
이점,기술,0.5336184501647949,1
이제,미래,0.4078408479690552,1
이틀,전쟁,0.4523705840110779,3
이해,역사,0.5785350203514099,7
이후,전쟁,0.521162748336792,9
인간,우주,0.6638784408569336,16
인공,과학,0.5446296334266663,41
인공위성,우주,0.559806227684021,2
인기,여행,0.6119158267974854,5
인기몰이,로맨스,0.4695608615875244,1
인듀어런스호가,외계인,0.38279208540916443,1
인류,우주,0.6674515604972839,14
인류사,전쟁,0.39472877979278564,1
인류애,인간성,0.5343952178955078,2
인문학,철학,0.6236739754676819,3
인물,역사,0.6230103373527527,3
인분,괴담,0.5582894682884216,3
인상,유쾌,0.524647057056427,3
인생,연애,0.6253311634063721,3
인수,추격,0.46051210165023804,1
인식,기술,0.5614957809448242,1
인용,역사,0.5180068016052246,3
인정,사랑,0.45703262090682983,1
인지,심리,0.6128898859024048,1
인터셉트,액션,0.4666011929512024,1
일개,군사,0.4609428644180298,1
일기,만화,0.5584886074066162,2
일단락,멸망,0.33371374011039734,1
일련,기술,0.5340336561203003,1
일반인,서바이벌,0.4095810055732727,1
일방,대화,0.4591914415359497,1
일상,유쾌,0.5978867411613464,3
일원,도시,0.4437316656112671,1
일자,질서,0.45413416624069214,1
일정,여행,0.5035529732704163,4
일종,유령,0.4784163534641266,2
임무,전투,0.6598027348518372,5
임산부,가족,0.428045392036438,1
입장,대화,0.5032420754432678,1
있찌,액션,1,1
자갈돌,바다,0.45593518018722534,1
자국,전쟁,0.5191842913627625,1
자기,기술,0.46607276797294617,1
자기장,소셜미디어,0.3559498190879822,1
자녀,가족,0.7003896832466125,1
자동,여행,0.6760016083717346,3
자랑,사랑,0.5369324088096619,1
자료,역사,0.6045876741409302,1
자리,질서,0.4991883337497711,7
자본,경제,0.6729131937026978,1
자비,사랑,0.5668410062789917,3
자살,살인,0.6705370545387268,2
자식,가족,0.5835269689559937,1
자신,절망,0.5634630918502808,32
자연,환경,0.6941760182380676,1
자원,환경,0.6845347881317139,1
자유,정치,0.6036883592605591,1
자존감,사랑,0.4909631311893463,1
자체,환경,0.5228267312049866,4
작가,만화,0.6290877461433411,16
작년,서부,0.3946708142757416,1
작동,환경,0.5148442983627319,1
작물,농업,0.706455647945404,1
작업,수색,0.6102691888809204,1
작전,전투,0.6892815232276917,3
작품,만화,0.690089225769043,19
잔인,범죄,0.5554488301277161,1
잔해,수색,0.5960478782653809,2
잘못,괴담,0.3321757912635803,2
잠깐,감옥,0.32570236921310425,2
잠식,추격,0.4979926347732544,1
잡지,만화,0.5816023349761963,1
장갑,전투,0.5444502830505371,1
장난,살인,0.5777302384376526,1
장담,절망,0.44563761353492737,1
장려,교육,0.6152021884918213,1
장례식,전쟁,0.40221500396728516,2
장르,음악,0.7329081892967224,4
장면,액션,0.5999083518981934,19
장식,인형,0.6001089215278625,1
장악,추격,0.5126402378082275,2
장애,질병,0.7015629410743713,1
장천,설원,0.4545139968395233,1
장치,기술,0.6697689294815063,2
장편,만화,0.7140740752220154,1
재개,방송,0.5998611450195312,3
재능,희망,0.6334819793701172,1
재미,모험,0.6051297187805176,11
재배,농업,0.6468186974525452,12
재베,액션,1,1
재생,기술,0.6052547097206116,1
재앙,살인,0.5772836208343506,1
재치,유쾌,0.5271227359771729,1
저울,전기,0.5244902968406677,2
저자,철학,0.5008198022842407,1
저장,기술,0.6000756621360779,1
저장소,환경,0.39504316449165344,2
적갈색,정글,0.3902509808540344,1
적극,미래,0.34621405601501465,2
적응,환경,0.6063060760498047,1
적정,환경,0.48941919207572937,1
전개,성장,0.5846632719039917,1
전격,추격,0.46559837460517883,1
전공,과학,0.6402229070663452,4
전권,고문,0.48373642563819885,1
전년,요리,0.5082562565803528,1
전달,대화,0.4769909381866455,5
전문,의료,0.6444779634475708,5
전복,질서,0.5367491841316223,1
전부,마법,0.3396722078323364,4
전송,기술,0.5983149409294128,1
전작,모험,0.5188059210777283,1
전쟁,전쟁,1,3
전체,요리,0.5553954839706421,3
전화,대화,0.5852361917495728,2
절대,사랑,0.41316455602645874,2
절망,절망,1,10
절망감,절망,0.6453583240509033,1
절반,도시,0.4787197709083557,1
절차,법정,0.6070003509521484,2
절체절명,언더독,0.44310280680656433,1
점수,교육,0.45549675822257996,1
점심,요리,0.6128513813018799,1
접근,교통,0.5142885446548462,3
접목,기술,0.529262900352478,1
접시,요리,0.6014304161071777,1
접촉,대화,0.5968011617660522,1
정도,성장,0.3121500313282013,21
정독,철학,0.4514945447444916,1
정리,역사,0.5266785621643066,3
정보,기술,0.6754410266876221,10
정부,경제,0.6630439758300781,4
정부군,군대,0.47460171580314636,3
정성,사랑,0.555629312992096,1
정식,방송,0.4534527361392975,3
정신,철학,0.5996359586715698,5
정신력,전투,0.45303961634635925,1
정찰기,군사,0.44446858763694763,1
정책,환경,0.7071523666381836,1
정체,도시,0.4961216449737549,3
정치,정치,1,1
정확,유쾌,0.4803594648838043,3
제거,환경,0.47242435812950134,3
제목,만화,0.6375151872634888,2
제시,미래,0.36634361743927,1
제안,여행,0.5991583466529846,3
제압,추격,0.5944499969482422,1
제약,기술,0.6285454034805298,2
제작,방송,0.6307950615882874,6
제작비,드라마,0.4828677177429199,2
제조,기술,0.6900004148483276,1
제한,공포,0.5009880661964417,3
조금,유쾌,0.397823691368103,4
조난,재난,0.6241400241851807,1
조리,요리,0.6399452090263367,1
조명,환경,0.6408990025520325,3
조미,요리,0.5114812254905701,1
조사,역사,0.5956524610519409,4
조심,도박,0.5663047432899475,1
조연,탐정,0.5629631876945496,1
조우,추격,0.5436332821846008,1
조작,범죄,0.5801150798797607,1
조절,질서,0.4886877238750458,1
조차,고문,0.37163087725639343,1
존귀,사랑,0.5829693675041199,1
존엄,질서,0.5648651719093323,1
존재,유령,0.5204434990882874,9
종류,역사,0.5831760168075562,1
종식,전쟁,0.6038990020751953,1
종족,가족,0.553826093673706,1
종합,교육,0.6384344696998596,1
좌절,절망,0.6658827662467957,3
좌절감,절망,0.5755972862243652,1
주력,성장,0.5199262499809265,1
주머니,도둑,0.36011022329330444,1
주목,성장,0.5348895788192749,1
주변,도시,0.6190745234489441,5
주변국,군사,0.47831282019615173,1
주소,요리,0.5774835348129272,1
주소의,유령,0.31371843814849854,1
주야,유쾌,0.4591507017612457,1
주연,탐정,0.6063423752784729,6
주옥,춤,0.5246331095695496,1
주요,역사,0.5794703364372253,1
주의,서부,0.5611537098884583,1
주인공,타임루프,0.5001223087310791,30
죽음,질병,0.6434047222137451,4
준비,여행,0.557030975818634,4
줄거리,드라마,0.531794548034668,9
중간,정치,0.4573502540588379,4
중개,의료,0.5382221937179565,1
중고,전기,0.5318365097045898,1
중단,방송,0.5630935430526733,1
중력,우주,0.5446702837944031,2
중심,도시,0.631788969039917,2
중앙,서부,0.5572741031646729,1
중요,기술,0.5327180624008179,8
중이,여행,0.4804462790489197,1
증명,기술,0.49061453342437744,1
지구,우주,0.7121323943138123,62
지구인,외계인,0.5331211686134338,1
지금,미래,0.48744553327560425,4
지능,과학,0.6590995788574219,41
지도부,시민운동,0.4633287489414215,1
지렛대,경제,0.3556741178035736,1
지목,해적,0.4489821791648865,2
지상,우주,0.6459294557571411,1
지속,성장,0.6684333086013794,2
지시,수색,0.5328258275985718,4
지식,기술,0.7070409059524536,11
지역,도시,0.7241222858428955,1
지옥,감옥,0.6124275922775269,1
지점,서부,0.4866955280303955,4
지지,정치,0.3918693959712982,1
지하,감옥,0.5957731008529663,1
지향,질서,0.6071062088012695,1
직무,교육,0.5702066421508789,1
직소,만화,0.5324717164039612,1
직원,가족,0.5851879119873047,1
직장,가족,0.6438722014427185,1
직후,전쟁,0.5426797866821289,1
진가,무술,0.5118507742881775,1
진실,사랑,0.6155577301979065,1
진심,사랑,0.6322075724601746,1
진짜,유쾌,0.5109068751335144,1
진출,여행,0.5594138503074646,1
진행,여행,0.51955246925354,7
진화,성장,0.6098771095275879,1
질문,대화,0.5432519912719727,3
집계,여행,0.4723830223083496,1
집중,추격,0.47647371888160706,7
집착,사랑,0.5825573801994324,2
집필,만화,0.5247843861579895,2
쪼가리,꿈,0.4521353244781494,1
차량,교통,0.6311841607093811,1
차례,역사,0.42868146300315857,1
차세대,미래,0.49275916814804077,1
차원,기술,0.540224015712738,1
차이,철학,0.4640481173992157,4
차이점,역사,0.34568318724632263,4
착륙,여행,0.5380227565765381,6
착수,수색,0.5162263512611389,1
착잡,유쾌,0.4563564658164978,1
찰나,꿈,0.4286622107028961,1
찰떡,액션,0.4341965913772583,1
참고,역사,0.5362845063209534,2
참여,희망,0.5304645895957947,1
창의,교육,0.5353514552116394,1
창작,만화,0.6693662405014038,1
창조력,인간성,0.5758754014968872,3
책임,질서,0.5394523739814758,2
책임자,고문,0.48413994908332825,1
처리,기술,0.5915582180023193,4
처음,복수,0.3485162556171417,7
처지,절망,0.5205979943275452,3
천신만고,절망,0.4141616225242615,1
천장,감옥,0.43353649973869324,1
천재,탐정,0.6620272397994995,1
철분,요리,0.5810571908950806,2
철수,전쟁,0.5870782136917114,3
철저,탐험,0.4472641348838806,1
철학,철학,1,1
철회,희망,0.5044570565223694,1
청구서,소셜미디어,0.35441121459007263,1
청년,희망,0.6000165343284607,2
체념,절망,0.6554462909698486,1
초기,전쟁,0.499454140663147,1
초대,요리,0.49259865283966064,1
초반,추격,0.567732036113739,3
초속,우주,0.4793977439403534,2
초월,마법,0.5324766635894775,2
초콜릿,인형,0.3975335657596588,1
촉박,액션,1,1
총동원,전쟁,0.3736996650695801,1
총력,재난,0.474840372800827,2
최강,무술,0.5220363736152649,1
최고,무술,0.5167949199676514,2
최근,경제,0.45166537165641785,3
최다,여행,0.5274449586868286,1
최대,마법,0.43460434675216675,1
최선,미래,0.5259087681770325,1
최소,법정,0.39069491624832153,2
최애,연애,0.5943483710289001,1
최종,추격,0.46456414461135864,1
최초,방송,0.49052882194519043,7
쵸크,액션,0.4854734539985657,1
추구,성장,0.5451337099075317,1
추락,추격,0.5254324674606323,1
추리,탐정,0.6983305811882019,1
추진,성장,0.6166552305221558,3
추진력,성장,0.389609158039093,1
추천,여행,0.5768113136291504,10
추출,기술,0.5656402707099915,1
추측,음모론,0.5549234747886658,2
추후,학교,0.3908059000968933,2
출간,만화,0.5564123392105103,4
출발,여행,0.6575770378112793,1
출산,교육,0.600229024887085,2
출시,여행,0.5067493319511414,1
출신,서부,0.5292168259620667,2
출연,방송,0.659591019153595,5
출연진,뮤지컬,0.46683043241500854,5
출입문,학교,0.3432670533657074,2
출장,여행,0.6692857146263123,1
출처,역사,0.49760234355926514,6
출판,만화,0.6825131177902222,6
출항,여행,0.5569068193435669,2
충격,범죄,0.5624127984046936,1
충돌,전투,0.5712252855300903,1
취소,여행,0.5734337568283081,1
측면,환경,0.49691471457481384,4
치료,질병,0.7063292264938354,1
치열,심리,0.49330779910087585,1
친구,가족,0.6839000582695007,3
침입,멸망,0.5595712661743164,1
카니발리즘,사이버펑크,0.45741361379623413,1
카메라,드라마,0.41997450590133667,3
카타르시스,로맨스,0.46245360374450684,2
카테고리,스포츠,0.478041410446167,2
캐릭터,인형,0.5306801795959473,7
커뮤니티,소셜미디어,0.6077233552932739,1
커서,만화,0.34266409277915955,1
컨셉,개그,0.5215927958488464,2
컨테이너,액션,0.38240230083465576,12
컬렉션,판타지,0.4263748526573181,1
컴퓨터,과학,0.5301735997200012,2
케이스,미스터리,0.4052966833114624,1
코어,액션,0.6202645301818848,1
쾌재,액션,1,1
큐브,정글,0.5701134204864502,16
키스,액션,0.558025062084198,1
타게팅,소셜미디어,0.4520139694213867,1
타격,개그,0.5531472563743591,1
타선,정글,0.43604978919029236,1
타이핑,춤,0.3035641312599182,1
타임,액션,0.6217054128646851,5
타임스,미스터리,0.3994407653808594,1
타입,액션,0.5572192668914795,1
타파,절망,0.48814794421195984,1
탄생,신화,0.5951989889144897,1
탈고,만화,0.45779454708099365,1
탈지,전기,0.39272430539131165,1
탈출,수색,0.6080436706542969,11
탐사,해양,0.7014874815940857,32
탐사선,우주,0.49559009075164795,22
탐정,탐정,1,2
탐험,탐험,1,2
탑승,전투,0.47671428322792053,1
탑재,기술,0.49914273619651794,1
태그,역사,0.5190002918243408,1
태도,심리,0.6071187853813171,5
태풍,재난,0.5777968168258667,1
터득,유쾌,0.5119614601135254,1
테그라,좀비,0.43980124592781067,1
테스트,서바이벌,0.45949652791023254,4
토론,역사,0.5695278644561768,1
통로,대화,0.4867105185985565,3
통신,교통,0.6865499019622803,14
통제,질서,0.5960743427276611,1
통째,도둑,0.4400206506252289,2
통화,경제,0.6143816113471985,4
투기,도박,0.6767714023590088,3
투입,추격,0.5248116850852966,2
투자,경제,0.6519772410392761,1
튜브,액션,0.5825854539871216,1
트럭,액션,0.5723861455917358,2
트레일러,뮤지컬,0.41407090425491333,1
트릭,액션,0.6787686347961426,2
트릴,액션,0.5274657011032104,1
특기,개그,0.5829810500144958,1
특별,의료,0.5320938229560852,2
특설,여행,0.5313687920570374,1
특성,환경,0.650132417678833,1
특수,의료,0.5828307867050171,2
특유,춤,0.5365961194038391,1
티브이,드라마,0.5814638137817383,1
티비,방송,0.6468696594238281,1
팀워크,서바이벌,0.44508489966392517,1
팀원,가족,0.4718010723590851,8
파견,군대,0.592928946018219,1
파괴,전투,0.5785512328147888,3
파도,바다,0.6926142573356628,1
파악,여행,0.4923829436302185,1
파열,질병,0.4900786578655243,1
파워,액션,0.5782656669616699,2
파장,정치,0.43992605805397034,1
파탄,경제,0.5744760036468506,1
판단,심리,0.5541334748268127,5
판매,여행,0.5400147438049316,2
판매자,소셜미디어,0.3263415992259979,1
팩트,신화,0.47761374711990356,1
퍼넬,정글,0.40309587121009827,1
퍼즐,모험,0.6847085952758789,1
펑크,복고,0.6141101717948914,1
페이지,소셜미디어,0.46236923336982727,7
편도,요리,0.514997124671936,1
편의,여행,0.6722133159637451,1
평소,요리,0.3915312886238098,1
평온,질서,0.527747392654419,1
평점,심리,0.4950611889362335,3
평탄,서부,0.4605582654476166,1
포기,희망,0.4854632616043091,15
포스터,다큐멘터리,0.48818108439445496,1
포옹,사랑,0.6401209235191345,1
포인트,정글,0.36100634932518005,2
포착,추격,0.48103323578834534,1
포커스,언더독,0.46703776717185974,1
포함,탐험,0.45228543877601624,2
폭격기,군사,0.4369286894798279,2
폭발,전투,0.5662387609481812,4
폭탄,도박,0.5984715819358826,1
폭풍,해적,0.5651423931121826,16
폭풍우,바다,0.43706855177879333,1
표류,수색,0.5589371919631958,10
표면,바다,0.5469607710838318,1
표정,유쾌,0.5511194467544556,1
표지,만화,0.5380036234855652,1
표현,대화,0.5644240975379944,6
풍경,꿈,0.6182582974433899,2
프로,액션,0.5607075095176697,1
프로그래머,슈퍼히어로,0.4371490478515625,2
프로그램,교육,0.6089324355125427,10
프로세스,기술,0.5662024617195129,1
프로젝트,뮤지컬,0.47393879294395447,7
프로필,소셜미디어,0.39991727471351624,17
프롤로그,로맨스,0.40736204385757446,1
플러스,스포츠,0.3752797245979309,5
플롯,개그,0.5973898768424988,2
플루,질병,0.5098066926002502,2
피기,좀비,0.41438353061676025,1
피드백,소셜미디어,0.402567058801651,1
피스,액션,0.5451149940490723,1
피폐,성장,0.5142674446105957,1
픽션,만화,0.6685272455215454,2
필두,고문,0.47542446851730347,1
필력,만화,0.5526719093322754,2
필름,액션,0.606810986995697,1
필모,개그,0.5139374732971191,1
필모그래피,드라마,0.5541918277740479,1
필요,여행,0.46090665459632874,11
하나,희망,0.37874242663383484,1
하루,유쾌,0.4312177300453186,6
하우스,코미디,0.44139814376831055,1
하이드리진,외계인,0.30727967619895935,1
하중,전기,0.5197217464447021,1
학부모,학교,0.49592873454093933,1
학생,학교,0.7100017070770264,1
학자,과학,0.5856344699859619,1
한강,바다,0.546615719795227,1
한계,환경,0.537956953048706,1
한데,유쾌,0.3828602731227875,1
한마음,시민운동,0.3959991931915283,1
한번,사랑,0.3357335031032562,2
한순간,미스터리,0.31150272488594055,1
한숨,절망,0.5876582264900208,1
한정,인형,0.5175842046737671,1
한참,방송,0.31444278359413147,2
한편,방송,0.34869712591171265,1
할애,역사,0.3716270923614502,1
함축,질서,0.5437284708023071,1
합류,추격,0.48957061767578125,2
항공,해양,0.6962389349937439,1
항구,도시,0.7285460233688354,2
항로,해양,0.5697840452194214,1
항해,해양,0.6334353685379028,2
해결,환경,0.5447351336479187,12
해결책,사회문제,0.449673593044281,2
해고,살인,0.5240885615348816,1
해소,환경,0.4452728033065796,2
해안,서부,0.7276727557182312,1
해외,의료,0.60529625415802,1
해킹,범죄,0.684302806854248,3
햅이,액션,1,1
행보,미래,0.5630365014076233,1
행복,사랑,0.7395049333572388,2
행성,우주,0.7238700985908508,8
향수,사랑,0.6145229339599609,1
허구,역사,0.6044684648513794,1
허락,수색,0.43527042865753174,2
허용,성장,0.4286929965019226,1
헌혈,의료,0.5531933307647705,1
헐리웃,코미디,0.599554717540741,1
헬멧,액션,0.5560902953147888,1
현대,미술,0.6356669068336487,1
현실,정치,0.6107156872749329,8
현장,교육,0.5853086113929749,1
현지,요리,0.62947678565979,1
협력,대화,0.6538437008857727,1
협조,대화,0.5183913707733154,1
형성,성장,0.6071380376815796,1
형식,기술,0.5594961047172546,2
형태,환경,0.5204164385795593,1
호기심,외계인,0.441037118434906,1
호스,정글,0.5708563327789307,1
호의,해양,0.5520886182785034,1
호출,탐정,0.5203638076782227,3
호흡,춤,0.5944341421127319,1
호흡기,질병,0.43510815501213074,1
혼란,절망,0.6140093207359314,1
혼자,가족,0.4860587418079376,16
홀로코스트,범죄,0.5013085007667542,1
홈트,요리,0.5317575335502625,1
홈페이지,방송,0.4495528042316437,1
홍보,교육,0.6262915134429932,1
화근,정치,0.41717424988746643,1
화면,액션,0.6001543998718262,1
화물,교통,0.639794111251831,1
화상,의료,0.6069163680076599,2
화성,신화,0.6032862663269043,76
화성인,외계인,0.564965546131134,5
화자,대화,0.5355088710784912,1
화학,과학,0.7071207761764526,1
확인,여행,0.4920358955860138,7
확장,기술,0.5363348722457886,1
확정,신화,0.4733324944972992,1
환경,환경,1,6
활동,교육,0.6086112856864929,6
활용,기술,0.6065319776535034,4
황금,도둑,0.5652005076408386,1
황야,도시,0.5633060336112976,4
회고,미래,0.5208422541618347,1
회관,학교,0.6056663990020752,1
회동,대화,0.6214870810508728,1
회복,성장,0.6261408925056458,1
회의,요리,0.60003662109375,3
회전,춤,0.5261223316192627,2
회피,살인,0.5688861608505249,1
획기적,기술,0.48131513595581055,1
효과,성장,0.5305859446525574,1
후기,여행,0.5872193574905396,2
후반,서부,0.5320412516593933,1
후반부,타임루프,0.4326953589916229,1
후속,수색,0.5621727705001831,1
후손,가족,0.5599483847618103,1
후자,전기,0.51507967710495,1
훈련,교육,0.6947369575500488,2
훼마,액션,1,1
휴대폰,소셜미디어,0.4777882397174835,1
흐름,기술,0.5843725800514221,1
흡입력,유쾌,0.49300193786621094,1
흥미,유쾌,0.5555958151817322,6
흥분,유쾌,0.5810832381248474,1
흥행,추격,0.5742312073707581,8
희망,희망,1,3

Category,Count
기술,65
여행,59
환경,49
절망,47
사랑,46
요리,46
액션,45
만화,44
유쾌,43
역사,37
성장,37
대화,34
우주,32
교육,30
가족,29
방송,27
희망,27
추격,24
철학,23
전투,22
전기,21
전쟁,21
질병,20
심리,20
질서,20
범죄,19
바다,19
경제,19
도시,18
신화,18
과학,18
인형,18
소셜미디어,18
개그,17
드라마,17
미래,16
해양,15
정글,15
살인,15
교통,15
의료,14
연애,14
학교,14
외계인,13
꿈,13
멸망,13
정치,12
재난,11
좀비,11
수색,11
춤,11
고문,10
공포,10
마법,10
농업,10
서부,10
괴담,9
군대,9
해적,8
도둑,8
코미디,8
군사,8
모험,8
음악,7
판타지,7
무술,7
언더독,7
로맨스,7
탐정,7
미술,6
유령,6
인간성,6
뮤지컬,6
감옥,6
서바이벌,6
종교,5
탐험,5
도박,5
미스터리,5
복고,5
괴물,4
시골,4
음모론,4
타임루프,4
복수,4
사회문제,3
다큐멘터리,3
법정,3
설원,3
스포츠,3
슈퍼히어로,3
스릴러,2
부도덕,2
정신병,2
시민운동,2
사이버펑크,1
